[
  {
    "id": 1,
    "nome": "Teclado de membrana rgb",
    "marca": "TKL",
    "quantidade": 18,
    "tamanho": "Full size",
    "cor": "Vermelho",
    "armazenamento": "0",
    "preco": 145.79,
    "peso": "700.0g"
  },
  {
    "id": 2,
    "nome": "Mouse Gamer RGB",
    "marca": "HYperX",
    "quantidade": 7,
    "tamanho": "MÉDIO",
    "cor": "Preto e verde",
    "armazenamento": "0",
    "preco": 79.13,
    "peso": "70.0g"
  },
  {
    "id": 3,
    "nome": "Carregador tipo C",
    "marca": "Xiaomi",
    "quantidade": 13,
    "tamanho": "CABO MÉDIO",
    "cor": "Branco",
    "armazenamento": "0",
    "preco": 67.9,
    "peso": "120.0g"
  }
]